{"cameraMode":{"drawMode":0,"name":"Shaded","section":"Shading Mode"},"sceneLighting":true,"audioPlay":false,"sceneViewState":{"m_AlwaysRefresh":false,"showFog":true,"showSkybox":true,"showFlares":true,"showImageEffects":true,"showParticleSystems":true,"showVisualEffectGraphs":true,"m_FxEnabled":true},"in2DMode":false,"pivot":{"x":-7.525508880615234,"y":23.374725341796876,"z":28.498775482177736},"rotation":{"x":0.11302507668733597,"y":0.19393785297870637,"z":-0.022500338032841684,"w":0.9742213487625122},"size":24.851116180419923,"orthographic":true}