{"cameraMode":{"drawMode":0,"name":"Shaded","section":"Shading Mode"},"sceneLighting":true,"audioPlay":false,"sceneViewState":{"m_AlwaysRefresh":false,"showFog":true,"showSkybox":true,"showFlares":true,"showImageEffects":true,"showParticleSystems":true,"showVisualEffectGraphs":true,"m_FxEnabled":true},"in2DMode":false,"pivot":{"x":0.6666470766067505,"y":0.49082136154174807,"z":106.69339752197266},"rotation":{"x":0.2261921614408493,"y":0.3963603675365448,"z":-0.10141916573047638,"w":0.8840010166168213},"size":6.928204536437988,"orthographic":true}