{"cameraMode":{"drawMode":0,"name":"Shaded","section":"Shading Mode"},"sceneLighting":true,"audioPlay":false,"sceneViewState":{"m_AlwaysRefresh":false,"showFog":true,"showSkybox":true,"showFlares":true,"showImageEffects":true,"showParticleSystems":true,"showVisualEffectGraphs":true,"m_FxEnabled":true},"in2DMode":false,"pivot":{"x":12.722909927368164,"y":19.981094360351564,"z":78.41111755371094},"rotation":{"x":0.01880672201514244,"y":-0.9800578951835632,"z":0.16168206930160523,"w":0.11399734765291214},"size":9.229663848876954,"orthographic":true}