{"cameraMode":{"drawMode":0,"name":"Shaded","section":"Shading Mode"},"sceneLighting":true,"audioPlay":false,"sceneViewState":{"m_AlwaysRefresh":false,"showFog":true,"showSkybox":true,"showFlares":true,"showImageEffects":true,"showParticleSystems":true,"showVisualEffectGraphs":true,"m_FxEnabled":true},"in2DMode":false,"pivot":{"x":-6.734614849090576,"y":24.76305389404297,"z":13.359691619873047},"rotation":{"x":0.18994323909282685,"y":0.09409163147211075,"z":-0.018291406333446504,"w":0.9771047830581665},"size":8.695131301879883,"orthographic":true}