{"cameraMode":{"drawMode":0,"name":"Shaded","section":"Shading Mode"},"sceneLighting":true,"audioPlay":false,"sceneViewState":{"m_AlwaysRefresh":false,"showFog":true,"showSkybox":true,"showFlares":true,"showImageEffects":true,"showParticleSystems":true,"showVisualEffectGraphs":true,"m_FxEnabled":true},"in2DMode":false,"pivot":{"x":-0.009999752044677735,"y":0.6700000762939453,"z":52.85000228881836},"rotation":{"x":0.2261921614408493,"y":0.3963603675365448,"z":-0.10141916573047638,"w":0.8840010166168213},"size":62.12120819091797,"orthographic":true}