{"cameraMode":{"drawMode":0,"name":"Shaded","section":"Shading Mode"},"sceneLighting":false,"audioPlay":false,"sceneViewState":{"m_AlwaysRefresh":false,"showFog":true,"showSkybox":false,"showFlares":true,"showImageEffects":true,"showParticleSystems":true,"showVisualEffectGraphs":true,"m_FxEnabled":true},"in2DMode":false,"pivot":{"x":-3.9942684173583986,"y":0.37152671813964846,"z":-0.606147289276123},"rotation":{"x":0.30110451579093935,"y":-0.41485753655433657,"z":0.14768429100513459,"w":0.8458234667778015},"size":6.9282050132751469,"orthographic":false}