{"cameraMode":{"drawMode":0,"name":"Shaded","section":"Shading Mode"},"sceneLighting":false,"audioPlay":false,"sceneViewState":{"m_AlwaysRefresh":false,"showFog":true,"showSkybox":false,"showFlares":true,"showImageEffects":true,"showParticleSystems":true,"showVisualEffectGraphs":true,"m_FxEnabled":true},"in2DMode":false,"pivot":{"x":-4.1978440284729,"y":-0.02680492401123047,"z":-0.5551774501800537},"rotation":{"x":0.18283168971538545,"y":-0.08100850135087967,"z":0.015117496252059937,"w":0.9796847701072693},"size":1.5288605690002442,"orthographic":false}